outcome,did_coef,cluster_se,p_value,ci_low,ci_high,n_obs
log_amihud,-0.20305637548213046,0.21171148024153252,0.3815479191775975,-0.7472780609866905,0.3411653100224296,2954
amihud,-0.47545525741072514,0.8868809914873119,0.6148720765047786,-2.7552554244991345,1.804344909677684,2954
cs_spread,-5.882081946722527e-05,0.0005862863456104612,0.923982762826083,-0.0015659178499750714,0.001448276211040621,2954
hl_spread,-0.0023392803353537535,0.000809861986242377,0.0342469649546508,-0.004421096846560755,-0.00025746382414675245,2954
