entity,car_minus_10_plus_10,cross_sectional_mean_car,cross_sectional_t_stat
Brookfield India Real Estate Trust,-0.03545798352920971,0.003149033392350729,0.14442040287229943
Embassy Office Parks REIT,-0.0421050141819591,0.003149033392350729,0.14442040287229943
IRB InvIT Fund,-0.021616768101913805,0.003149033392350729,0.14442040287229943
India Grid Trust,-0.00591484324035235,0.003149033392350729,0.14442040287229943
Mindspace Business Parks REIT,0.004354815225235488,0.003149033392350729,0.14442040287229943
NEXUS,-0.011887900854965164,0.003149033392350729,0.14442040287229943
National Highways Infra Trust,-0.013291745804372559,0.003149033392350729,0.14442040287229943
Powergrid Infrastructure Investment Trust,0.15111170762634304,0.003149033392350729,0.14442040287229943
