model,accuracy,roc_auc
LogisticRegression,0.84375,0.9061627999681097
RandomForest,0.8571428571428571,0.8997448776209839
XGBoost,0.8258928571428571,0.9009806266443434
