proxy,n_pairs,pre_mean,post_mean,mean_change,t_stat,p_value_ttest,wilcoxon_stat,p_value_wilcoxon
amihud,6,1.2268972837391277,0.7114455594423582,-0.5154517242967694,-1.6832716850108915,0.1531441345223899,2.0,0.09375
hl_spread,6,0.016163286862391577,0.015405054907510375,-0.0007582319548812005,-0.49567584564379535,0.6411383097859126,9.0,0.84375
rupee_vol,6,76500452.10221353,146486166.70818028,69985714.6059667,2.1546461950512446,0.08375167424276907,3.0,0.15625
abs_ret,6,0.006384940568639849,0.0066248411789909915,0.00023990061035114251,0.33969182702031603,0.7478928129560135,9.0,0.84375
