outcome,term,coef,robust_se,t,p
amihud_daily,post_event,-3.603942867310909e-11,6.571802270848719e-12,-5.483949027646986,4.159346623166098e-08
amihud_daily,adoption_proxy_zscore,-1.6646307753428493e-10,6.422432456753868e-12,-25.91900789228719,4.066805106430322e-148
turnover_ratio_daily,post_event,2.9895912616391824e-05,2.8579190098807402e-06,10.460727722875314,1.3084681583389106e-25
turnover_ratio_daily,adoption_proxy_zscore,0.00033089741668403203,6.809607978857886e-06,48.592726293699286,0.0
zero_return_day,post_event,0.00018500888822531487,0.0010065134855820445,0.18381163379875465,0.8541612291938108
zero_return_day,adoption_proxy_zscore,0.00034579658113343385,0.0010228146731644508,0.3380833206699957,0.7353003994476481
abs_return,post_event,-0.0002802378110255459,0.0001668828658643597,-1.6792485530139425,0.09310361297550408
abs_return,adoption_proxy_zscore,-8.217187908800874e-05,0.0001397255767492972,-0.5880947568779462,0.5564686922045616
