proxy,n_pre,n_post,pre_mean,post_mean,welch_t,p_value
amihud,378,366,1.2268972837391279,0.7221785439739568,-3.4743108412196873,0.0005495621656020634
hl_spread,384,366,0.016163286862391577,0.0154189578724099,-1.0823799508652003,0.2794365717367457
